29/03/58,316.19
05/04/58,317.31
12/04/58,317.69
19/04/58,317.58
26/04/58,316.48
03/05/58,316.95
17/05/58,317.56
24/05/58,317.99
05/07/58,315.85
12/07/58,315.85
19/07/58,315.46
26/07/58,315.59
02/08/58,315.64
09/08/58,315.1
16/08/58,315.09
30/08/58,314.14
06/09/58,313.54
08/11/58,313.05
15/11/58,313.26
22/11/58,313.57
29/11/58,314.01
06/12/58,314.56
13/12/58,314.41
20/12/58,314.77
27/12/58,315.21
03/01/59,315.24
10/01/59,315.5
17/01/59,315.69
24/01/59,315.86
31/01/59,315.42
14/02/59,316.94
21/02/59,316.61
28/02/59,316.62
07/03/59,316.81
21/03/59,316.73
28/03/59,316.71
04/04/59,317.72
11/04/59,317.12
18/04/59,317.64
25/04/59,318.32
02/05/59,318.27
09/05/59,318.78
16/05/59,318.05
23/05/59,318.43
06/06/59,318.53
13/06/59,318.14
20/06/59,317.88
27/06/59,317.76
04/07/59,316.86
11/07/59,316.83
18/07/59,316.45
25/07/59,316.16
01/08/59,315.62
08/08/59,314.91
22/08/59,315
29/08/59,314.15
05/09/59,314.45
12/09/59,313.93
19/09/59,313.57
26/09/59,313.54
03/10/59,313.04
10/10/59,313.15
17/10/59,313.43
24/10/59,313.46
31/10/59,314.12
07/11/59,314.42
14/11/59,314.88
21/11/59,315.2
28/11/59,315.11
05/12/59,315.06
12/12/59,315.64
19/12/59,315.86
26/12/59,315.77
02/01/60,315.72
09/01/60,316.4
16/01/60,316.73
23/01/60,316.57
30/01/60,316.68
06/02/60,316.61
13/02/60,316.98
20/02/60,317.42
27/02/60,317
05/03/60,316.96
12/03/60,317.76
19/03/60,318.07
26/03/60,317.77
02/04/60,318.61
09/04/60,319.34
16/04/60,319.01
23/04/60,319.03
30/04/60,319.77
07/05/60,319.96
14/05/60,319.82
21/05/60,320.04
28/05/60,320.06
04/06/60,319.46
11/06/60,320.08
18/06/60,319.42
25/06/60,319.09
02/07/60,318.18
09/07/60,318.64
16/07/60,318.41
23/07/60,317.91
30/07/60,317.33
06/08/60,316.62
13/08/60,316.7
20/08/60,315.1
27/08/60,314.78
03/09/60,314.72
10/09/60,314.58
17/09/60,314.28
24/09/60,313.33
01/10/60,313.66
08/10/60,313.32
15/10/60,313.92
22/10/60,314.21
29/10/60,314.29
05/11/60,314.5
12/11/60,315.1
19/11/60,315.1
26/11/60,315.41
03/12/60,315.84
10/12/60,316.07
17/12/60,316.21
24/12/60,316.4
31/12/60,316.67
07/01/61,316.73
14/01/61,317.02
21/01/61,317.03
28/01/61,317.01
04/02/61,317.06
11/02/61,317.75
18/02/61,317.94
25/02/61,318
04/03/61,318.04
11/03/61,318.51
18/03/61,318.92
25/03/61,318.71
01/04/61,319.41
08/04/61,319.55
15/04/61,318.9
22/04/61,319.74
29/04/61,319.67
06/05/61,320.67
13/05/61,320.46
20/05/61,320.61
27/05/61,320.36
03/06/61,320.09
10/06/61,320.02
17/06/61,319.62
24/06/61,319.49
01/07/61,319.26
08/07/61,319.07
15/07/61,318.49
22/07/61,317.16
29/07/61,317.97
05/08/61,317.91
12/08/61,317.33
19/08/61,316.76
26/08/61,315.26
02/09/61,315.28
09/09/61,314.97
16/09/61,314.53
23/09/61,315.06
30/09/61,315.61
07/10/61,314.97
14/10/61,315.43
21/10/61,315.48
28/10/61,315.72
04/11/61,315.82
11/11/61,315.7
18/11/61,316.21
25/11/61,316.55
02/12/61,316.52
09/12/61,317.02
16/12/61,316.94
23/12/61,317.18
30/12/61,317.46
06/01/62,317.99
13/01/62,318.12
20/01/62,318.07
27/01/62,317.78
03/02/62,318.08
10/02/62,318.35
17/02/62,318.92
24/02/62,319.38
03/03/62,319.28
10/03/62,319.46
17/03/62,319.95
24/03/62,319.78
31/03/62,320.27
07/04/62,320.26
14/04/62,321.03
21/04/62,320.78
28/04/62,320.36
05/05/62,320.89
12/05/62,320.78
19/05/62,321.05
26/05/62,321.16
02/06/62,320.91
09/06/62,320.87
16/06/62,320.52
23/06/62,320.15
30/06/62,320.23
07/07/62,320.1
14/07/62,319.95
21/07/62,319.01
28/07/62,318.75
04/08/62,318.68
11/08/62,317.24
18/08/62,317.48
15/09/62,316.65
22/09/62,315.72
29/09/62,315.92
06/10/62,315.1
13/10/62,315.4
20/10/62,315.72
27/10/62,315.78
03/11/62,315.94
10/11/62,316.49
17/11/62,316.92
24/11/62,317.08
01/12/62,317.19
08/12/62,317.31
15/12/62,317.66
22/12/62,318.18
05/01/63,318.54
12/01/63,318.73
19/01/63,318.9
26/01/63,318.82
02/02/63,318.77
09/02/63,318.95
23/02/63,319.37
02/03/63,319.35
09/03/63,319.7
16/03/63,319.8
23/03/63,320.34
30/03/63,320.29
06/04/63,320.38
13/04/63,320.96
20/04/63,322.05
27/04/63,321.92
11/05/63,321.97
18/05/63,322.28
25/05/63,322.27
01/06/63,322.32
08/06/63,322.09
15/06/63,321.83
22/06/63,320.88
29/06/63,320.49
06/07/63,320.12
13/07/63,319.82
20/07/63,319.56
27/07/63,319.06
03/08/63,318.6
10/08/63,318.27
17/08/63,317.73
24/08/63,317.12
31/08/63,316.44
07/09/63,316.81
14/09/63,315.99
21/09/63,316.03
28/09/63,315.93
05/10/63,316.28
12/10/63,315.65
19/10/63,316.14
26/10/63,316.36
02/11/63,316.63
09/11/63,316.83
16/11/63,317.13
30/11/63,317.56
07/12/63,318.07
14/12/63,318.27
21/12/63,318.59
28/12/63,318.74
04/01/64,319.04
11/01/64,319.49
18/01/64,319.88
30/05/64,322.07
06/06/64,322.06
27/06/64,321.57
04/07/64,321.14
11/07/64,319.95
18/07/64,320.28
25/07/64,320.02
01/08/64,319.14
15/08/64,318.61
22/08/64,318.23
29/08/64,318.11
05/09/64,317.48
12/09/64,316.57
19/09/64,315.59
26/09/64,317.01
03/10/64,316.93
10/10/64,316.51
17/10/64,316.86
24/10/64,317.05
31/10/64,317.65
07/11/64,317.77
14/11/64,317.65
21/11/64,317.52
28/11/64,318.11
05/12/64,318.42
12/12/64,318.58
19/12/64,318.93
26/12/64,318.91
02/01/65,319.08
09/01/65,319.17
16/01/65,319.16
23/01/65,319.79
30/01/65,320.12
06/02/65,320.2
13/02/65,320.16
20/02/65,320.7
27/02/65,320.89
06/03/65,321.07
13/03/65,320.98
20/03/65,320.49
27/03/65,321.4
03/04/65,321.95
10/04/65,322.27
17/04/65,322.17
24/04/65,321.86
01/05/65,322.46
08/05/65,322.22
15/05/65,321.94
22/05/65,321.69
29/05/65,322.26
05/06/65,321.87
12/06/65,321.77
19/06/65,321.77
26/06/65,321.99
03/07/65,321.97
10/07/65,321.85
17/07/65,321.76
24/07/65,320.47
31/07/65,319.49
07/08/65,319.47
14/08/65,318.02
21/08/65,318.82
28/08/65,318.73
04/09/65,318.39
11/09/65,318.05
18/09/65,318.26
25/09/65,316.85
02/10/65,316.6
09/10/65,317.26
16/10/65,317.86
23/10/65,317.56
30/10/65,317.63
06/11/65,318.3
13/11/65,319.26
20/11/65,318.99
27/11/65,319.17
04/12/65,319.09
11/12/65,319.37
18/12/65,319.39
25/12/65,319.7
01/01/66,319.69
08/01/66,320.49
15/01/66,320.63
22/01/66,321.09
29/01/66,321.16
05/02/66,321.26
12/02/66,321.75
19/02/66,321.67
26/02/66,321.8
05/03/66,322.1
12/03/66,322.14
19/03/66,322.57
26/03/66,322.86
02/04/66,323.55
09/04/66,323.62
16/04/66,323.88
23/04/66,323.91
30/04/66,323.53
07/05/66,324
14/05/66,324.1
21/05/66,323.72
28/05/66,324.31
04/06/66,324.02
11/06/66,323.88
18/06/66,323.75
25/06/66,323.32
02/07/66,322.82
09/07/66,322.9
06/08/66,321.31
13/08/66,320.85
20/08/66,319.16
27/08/66,319.64
03/09/66,319.94
10/09/66,318.22
17/09/66,318.46
24/09/66,318.31
01/10/66,317.9
08/10/66,317.9
15/10/66,318.21
22/10/66,318.61
29/10/66,318.39
12/11/66,319.59
19/11/66,320.03
26/11/66,320.24
03/12/66,320.8
10/12/66,320.87
17/12/66,321.16
24/12/66,321.31
31/12/66,321.37
07/01/67,321.92
14/01/67,322.93
04/02/67,322.19
11/02/67,322.23
18/02/67,322.86
25/02/67,322.6
04/03/67,322.94
11/03/67,322.6
18/03/67,323.33
25/03/67,323.24
01/04/67,323.15
08/04/67,324.21
15/04/67,324.41
22/04/67,324.6
29/04/67,325.16
06/05/67,325.26
13/05/67,324.78
20/05/67,325.09
27/05/67,324.94
03/06/67,324.95
10/06/67,324.65
17/06/67,323.31
24/06/67,323.5
01/07/67,322.89
08/07/67,322.85
15/07/67,322.45
22/07/67,322.4
29/07/67,322.04
05/08/67,321.65
12/08/67,321.4
19/08/67,320.48
26/08/67,320.01
02/09/67,320.07
09/09/67,319.43
16/09/67,319.35
23/09/67,319.03
30/09/67,318.81
07/10/67,318.88
14/10/67,319.86
21/10/67,319.47
28/10/67,319.86
04/11/67,320.01
11/11/67,320.34
18/11/67,320.91
25/11/67,321.54
02/12/67,321.4
09/12/67,321.89
16/12/67,322.29
23/12/67,321.98
30/12/67,322.3
06/01/68,322.46
13/01/68,322.5
20/01/68,322.59
27/01/68,322.83
03/02/68,322.66
10/02/68,323.17
17/02/68,323.46
24/02/68,323.18
02/03/68,323.15
09/03/68,323.85
16/03/68,323.85
23/03/68,324.21
30/03/68,324.77
06/04/68,324.79
13/04/68,325.04
20/04/68,324.84
27/04/68,325.45
04/05/68,325.63
11/05/68,325.09
18/05/68,325.52
25/05/68,325.86
01/06/68,325.67
08/06/68,325.71
15/06/68,325.56
22/06/68,324.99
29/06/68,324.63
06/07/68,324.7
13/07/68,324.13
20/07/68,323.94
27/07/68,323.4
03/08/68,322.49
10/08/68,322.27
17/08/68,322.02
24/08/68,321.74
31/08/68,321.42
07/09/68,320.44
14/09/68,321.18
21/09/68,319.78
28/09/68,319.89
05/10/68,320.57
12/10/68,320.52
19/10/68,320.26
26/10/68,319.92
02/11/68,320.7
09/11/68,320.89
16/11/68,321.4
23/11/68,321.78
30/11/68,322.06
07/12/68,322.44
14/12/68,322.91
21/12/68,323.33
28/12/68,323.19
04/01/69,323.39
11/01/69,324.06
18/01/69,324.36
25/01/69,324.14
01/02/69,324.16
08/02/69,323.92
15/02/69,324.37
22/02/69,324.86
01/03/69,325.14
08/03/69,325.58
15/03/69,325.72
22/03/69,325.96
29/03/69,325.89
05/04/69,326.27
12/04/69,327.13
19/04/69,326.58
26/04/69,326.57
03/05/69,327.52
10/05/69,327.82
17/05/69,326.86
24/05/69,326.92
31/05/69,327.43
07/06/69,326.51
14/06/69,326.78
21/06/69,326.73
28/06/69,326.37
05/07/69,326.16
12/07/69,326.07
19/07/69,325.72
26/07/69,325.47
02/08/69,324.5
09/08/69,324.56
16/08/69,323.14
23/08/69,322.56
30/08/69,323.14
06/09/69,322.21
13/09/69,322.79
20/09/69,322.84
27/09/69,321.96
04/10/69,321.5
11/10/69,321.82
18/10/69,322
25/10/69,321.93
01/11/69,322.21
08/11/69,322.64
15/11/69,322.78
22/11/69,323.1
29/11/69,323.52
06/12/69,323.91
13/12/69,323.99
20/12/69,324.22
27/12/69,324.5
03/01/70,324.7
10/01/70,325.4
17/01/70,325.05
24/01/70,324.8
31/01/70,325.55
07/02/70,325.7
14/02/70,326.02
21/02/70,326.32
28/02/70,326.17
07/03/70,326.85
14/03/70,326.8
21/03/70,327.51
28/03/70,326.95
04/04/70,328.2
11/04/70,327.84
18/04/70,327.81
25/04/70,328.55
02/05/70,327.99
09/05/70,327.56
16/05/70,328.03
23/05/70,328.33
30/05/70,327.98
06/06/70,327.55
13/06/70,327.86
20/06/70,327.71
27/06/70,327.23
04/07/70,327.29
11/07/70,326.24
18/07/70,326.28
25/07/70,325.63
01/08/70,325.24
08/08/70,325.21
15/08/70,324.86
22/08/70,324.84
29/08/70,323.33
05/09/70,322.97
12/09/70,323.58
19/09/70,323.18
26/09/70,323.15
03/10/70,323.21
10/10/70,323.56
17/10/70,322.92
24/10/70,323.02
31/10/70,323.18
07/11/70,323.69
14/11/70,323.76
21/11/70,324.23
28/11/70,324.71
05/12/70,324.73
12/12/70,325
19/12/70,325.29
26/12/70,325.58
02/01/71,325.77
09/01/71,325.89
16/01/71,325.9
23/01/71,326.72
30/01/71,326.68
06/02/71,326.55
13/02/71,326.49
20/02/71,326.79
27/02/71,327.05
06/03/71,327.15
13/03/71,327.34
20/03/71,327.08
27/03/71,327.45
03/04/71,327.44
10/04/71,327.1
17/04/71,327.71
24/04/71,328.56
01/05/71,328.2
08/05/71,329.07
15/05/71,329.28
22/05/71,328.92
29/05/71,328.81
05/06/71,328.56
12/06/71,328.8
19/06/71,328.18
26/06/71,328.52
03/07/71,327.92
10/07/71,327.88
17/07/71,327.55
24/07/71,326.21
31/07/71,326.74
07/08/71,326.12
14/08/71,325.61
21/08/71,325.39
28/08/71,324.04
04/09/71,323.65
11/09/71,323.51
18/09/71,323.26
25/09/71,323.3
02/10/71,323.32
09/10/71,322.95
16/10/71,323.52
23/10/71,323.69
30/10/71,324.4
06/11/71,324.36
13/11/71,324.53
20/11/71,325.04
27/11/71,325.51
04/12/71,325.38
11/12/71,325.93
18/12/71,326.28
25/12/71,326.35
01/01/72,326.61
08/01/72,326.67
15/01/72,326.62
22/01/72,326.68
29/01/72,327.24
05/02/72,327.4
12/02/72,327.95
19/02/72,327.83
26/02/72,327.42
04/03/72,327.58
11/03/72,327.16
18/03/72,327.78
25/03/72,328.62
01/04/72,328.97
08/04/72,329.47
15/04/72,329.83
22/04/72,330.13
29/04/72,330.02
06/05/72,330.04
13/05/72,329.75
20/05/72,330.11
27/05/72,330.21
03/06/72,329.71
10/06/72,329.15
17/06/72,329.04
24/06/72,328.52
01/07/72,328.63
08/07/72,328.3
15/07/72,327.72
22/07/72,328.14
29/07/72,327.51
05/08/72,326.92
12/08/72,326.66
19/08/72,326.57
26/08/72,325.05
02/09/72,325.4
09/09/72,325.77
16/09/72,324.81
23/09/72,324.26
30/09/72,324.23
07/10/72,324.88
14/10/72,325.52
21/10/72,325.11
28/10/72,325.86
04/11/72,326.32
11/11/72,326.13
18/11/72,326.44
25/11/72,326.98
02/12/72,326.94
09/12/72,327.16
16/12/72,327.6
23/12/72,327.91
30/12/72,328.26
06/01/73,328.4
13/01/73,328.44
20/01/73,328.66
27/01/73,328.86
03/02/73,329.19
10/02/73,329.53
17/02/73,329.67
24/02/73,329.7
03/03/73,329.95
10/03/73,330.11
17/03/73,330.55
24/03/73,330.83
31/03/73,330.68
07/04/73,331.22
14/04/73,331.1
21/04/73,331.94
28/04/73,332.16
05/05/73,332.21
12/05/73,332.35
19/05/73,332.63
26/05/73,332.58
02/06/73,332.27
09/06/73,332.58
16/06/73,332.02
23/06/73,331.63
30/06/73,331.43
07/07/73,331.53
14/07/73,331.07
21/07/73,330.08
28/07/73,330.13
04/08/73,330.05
11/08/73,329.54
18/08/73,329.36
25/08/73,328.53
01/09/73,328.45
08/09/73,327.65
15/09/73,327.81
22/09/73,327.1
29/09/73,326.6
06/10/73,327.05
13/10/73,327.4
20/10/73,327.48
27/10/73,327.18
03/11/73,327.59
10/11/73,328.02
17/11/73,328.2
24/11/73,328.57
01/12/73,329.05
08/12/73,328.7
15/12/73,328.65
22/12/73,328.24
29/12/73,328.71
05/01/74,328.91
12/01/74,329.29
19/01/74,329.41
26/01/74,329.85
02/02/74,330.54
09/02/74,330.81
16/02/74,330.61
23/02/74,330.68
02/03/74,330.79
09/03/74,331.2
16/03/74,332.11
23/03/74,332
30/03/74,331.56
06/04/74,332.47
13/04/74,332.14
20/04/74,332.93
27/04/74,333.17
04/05/74,332.95
11/05/74,333.09
18/05/74,333.27
25/05/74,332.87
01/06/74,332.93
08/06/74,332.03
15/06/74,332.03
22/06/74,332.26
29/06/74,331.73
06/07/74,331.73
13/07/74,331.29
20/07/74,330.47
27/07/74,331.02
03/08/74,330.09
10/08/74,329.92
17/08/74,329.29
24/08/74,328.97
31/08/74,328.19
07/09/74,328.03
14/09/74,327.35
21/09/74,326.91
28/09/74,327.38
05/10/74,327.39
12/10/74,327.06
19/10/74,327.56
26/10/74,327.7
02/11/74,327.99
09/11/74,328.09
16/11/74,328.83
23/11/74,328.65
30/11/74,328.75
07/12/74,329.5
14/12/74,329.73
21/12/74,329.82
28/12/74,329.78
04/01/75,329.93
11/01/75,329.82
18/01/75,330.27
25/01/75,331.13
01/02/75,331.18
08/02/75,331.47
15/02/75,331
22/02/75,331.72
01/03/75,331.88
08/03/75,331.61
15/03/75,331.96
22/03/75,332.27
29/03/75,332.58
05/04/75,333.03
12/04/75,333.58
19/04/75,333.54
26/04/75,333.13
03/05/75,333.94
10/05/75,333.93
17/05/75,333.76
24/05/75,333.73
31/05/75,334.13
07/06/75,333.87
14/06/75,333.38
21/06/75,333.45
28/06/75,333.19
05/07/75,332.71
12/07/75,332.05
19/07/75,331.05
26/07/75,331.57
02/08/75,330.83
09/08/75,330.7
16/08/75,330.35
23/08/75,329.3
30/08/75,328.88
06/09/75,329.45
13/09/75,328.52
20/09/75,328.09
27/09/75,328.28
04/10/75,328.03
11/10/75,328.05
18/10/75,328.57
25/10/75,328.81
01/11/75,329.35
08/11/75,329.2
15/11/75,329.17
22/11/75,329.54
29/11/75,330.14
06/12/75,330.35
13/12/75,330.54
20/12/75,331.13
27/12/75,331.29
03/01/76,331.57
10/01/76,331.51
17/01/76,331.74
24/01/76,331.87
31/01/76,332.28
07/02/76,332.19
14/02/76,332.52
21/02/76,333.26
28/02/76,332.48
06/03/76,332.81
13/03/76,333.6
20/03/76,333.14
27/03/76,334.39
03/04/76,334.73
10/04/76,334.26
17/04/76,334.42
24/04/76,334.54
01/05/76,334.74
08/05/76,334.33
15/05/76,334.6
22/05/76,335.43
29/05/76,334.87
05/06/76,334.36
12/06/76,334.63
19/06/76,334.32
03/07/76,333.66
10/07/76,333.42
17/07/76,332.85
24/07/76,332.47
31/07/76,332.13
07/08/76,331.72
14/08/76,330.65
21/08/76,330.69
28/08/76,330.09
04/09/76,329.75
11/09/76,330.09
18/09/76,329.33
25/09/76,328.42
02/10/76,328.85
09/10/76,329.06
16/10/76,329.6
23/10/76,329.17
30/10/76,329.03
06/11/76,329.84
13/11/76,330.43
20/11/76,330.59
27/11/76,330.7
04/12/76,331.15
11/12/76,331.33
18/12/76,331.92
25/12/76,332.2
01/01/77,332.58
08/01/77,332.43
15/01/77,333.14
22/01/77,333.24
29/01/77,333.22
05/02/77,333.41
12/02/77,333.33
19/02/77,333.45
26/02/77,333.63
05/03/77,334.1
12/03/77,334.67
19/03/77,335.11
26/03/77,335.02
02/04/77,335.53
09/04/77,335.94
16/04/77,336.01
23/04/77,336.12
30/04/77,336.78
07/05/77,336.8
14/05/77,336.47
21/05/77,336.84
28/05/77,336.72
04/06/77,336.49
11/06/77,336.31
18/06/77,336.19
25/06/77,336.03
02/07/77,335.59
09/07/77,335.1
16/07/77,335.11
23/07/77,334.6
30/07/77,333.76
06/08/77,333.01
13/08/77,332.98
20/08/77,332.84
27/08/77,332.85
03/09/77,332.17
10/09/77,331.21
17/09/77,332.1
24/09/77,330.96
01/10/77,330.45
08/10/77,330.95
15/10/77,331.52
22/10/77,331.52
29/10/77,331.74
05/11/77,332.13
12/11/77,332.03
19/11/77,332.59
26/11/77,332.85
03/12/77,333.2
10/12/77,333.51
17/12/77,333.85
24/12/77,334.25
31/12/77,334.67
07/01/78,334.27
14/01/78,334.63
21/01/78,335.46
28/01/78,335.94
04/02/78,335
11/02/78,335.13
18/02/78,335.66
25/02/78,335.7
04/03/78,336.27
11/03/78,336.1
18/03/78,336.8
25/03/78,337.39
01/04/78,337.08
08/04/78,337.99
15/04/78,337.94
22/04/78,337.47
29/04/78,338.05
06/05/78,338.07
13/05/78,338.1
20/05/78,337.82
27/05/78,337.9
03/06/78,338.48
10/06/78,338.23
17/06/78,337.86
24/06/78,337.39
01/07/78,337.69
08/07/78,336.79
15/07/78,336.72
22/07/78,335.95
29/07/78,335.69
05/08/78,335.17
12/08/78,334.84
19/08/78,334.41
26/08/78,334.37
02/09/78,333.88
09/09/78,332.88
16/09/78,332.19
23/09/78,332.38
30/09/78,332.76
07/10/78,332.1
14/10/78,332.45
21/10/78,333.02
28/10/78,333.18
04/11/78,333.58
11/11/78,333.85
18/11/78,333.88
25/11/78,334.2
02/12/78,334.52
09/12/78,334.8
16/12/78,335.15
23/12/78,335.12
30/12/78,335.32
06/01/79,335.36
13/01/79,335.97
20/01/79,336.85
27/01/79,336.95
03/02/79,336.9
10/02/79,336.54
17/02/79,336.71
24/02/79,336.79
03/03/79,337.12
10/03/79,337.79
17/03/79,337.43
24/03/79,339.02
31/03/79,338.8
07/04/79,338.17
14/04/79,338.66
21/04/79,339.25
28/04/79,339.6
05/05/79,339.3
12/05/79,338.88
19/05/79,339.86
26/05/79,339.62
02/06/79,339.93
09/06/79,339.52
16/06/79,338.9
23/06/79,338.95
30/06/79,339
07/07/79,338.28
14/07/79,337.82
21/07/79,337.37
28/07/79,336.84
04/08/79,337.03
11/08/79,336.59
18/08/79,336.17
25/08/79,334.56
01/09/79,334.45
08/09/79,334
15/09/79,334.21
22/09/79,333.28
29/09/79,334.11
06/10/79,334.1
13/10/79,333.97
20/10/79,333.74
27/10/79,334.16
03/11/79,334.73
10/11/79,334.86
17/11/79,335.59
24/11/79,335.68
01/12/79,335.99
08/12/79,336.5
15/12/79,336.77
22/12/79,336.88
29/12/79,337.4
05/01/80,337.67
12/01/80,337.48
19/01/80,338.38
26/01/80,338.49
02/02/80,338.05
09/02/80,338.14
16/02/80,338.68
23/02/80,338.26
01/03/80,339.31
08/03/80,339.54
15/03/80,340.02
22/03/80,340.54
29/03/80,341.01
05/04/80,340.41
12/04/80,340.95
19/04/80,340.75
26/04/80,341.06
03/05/80,341.52
10/05/80,341.3
17/05/80,341.38
24/05/80,340.92
31/05/80,341.72
07/06/80,341.38
14/06/80,341.39
21/06/80,340.87
28/06/80,340.4
05/07/80,340.44
12/07/80,339.78
19/07/80,338.51
26/07/80,338.92
02/08/80,337.98
09/08/80,337.77
16/08/80,337.75
23/08/80,337.79
30/08/80,337.01
06/09/80,336.65
13/09/80,335.75
20/09/80,335.28
27/09/80,336.03
04/10/80,335.83
11/10/80,335.87
18/10/80,336.1
25/10/80,336.42
01/11/80,336.65
08/11/80,336.98
15/11/80,337.14
22/11/80,337.31
29/11/80,337.41
06/12/80,337.77
13/12/80,338.1
20/12/80,338.39
27/12/80,338.72
03/01/81,338.94
10/01/81,339.13
17/01/81,339.39
24/01/81,339.36
31/01/81,339.55
07/02/81,340.57
14/02/81,340.04
21/02/81,340.2
28/02/81,341.11
07/03/81,340.73
14/03/81,341.04
21/03/81,341.89
28/03/81,342.19
04/04/81,342.42
11/04/81,342.49
18/04/81,342.78
25/04/81,342.3
02/05/81,342.95
09/05/81,343
16/05/81,342.8
23/05/81,342.7
30/05/81,342.75
06/06/81,342.64
13/06/81,342.54
20/06/81,341.81
27/06/81,341.64
04/07/81,341.05
11/07/81,340.87
18/07/81,339.76
25/07/81,340.21
01/08/81,339.56
08/08/81,338.92
15/08/81,338.48
22/08/81,337.57
29/08/81,337.73
05/09/81,337.2
12/09/81,337.03
19/09/81,336.75
26/09/81,335.95
03/10/81,336.3
10/10/81,336.65
17/10/81,337.13
24/10/81,337.22
31/10/81,337.56
07/11/81,337.87
14/11/81,338.14
21/11/81,338.57
28/11/81,339.3
05/12/81,339.29
12/12/81,339.41
19/12/81,339.65
26/12/81,340.23
02/01/82,340.28
09/01/82,340.39
16/01/82,340.72
23/01/82,341.13
30/01/82,341.29
06/02/82,341.94
13/02/82,341.11
20/02/82,341.14
27/02/82,342.19
06/03/82,342.66
13/03/82,342.61
20/03/82,342.78
27/03/82,342.81
03/04/82,342.96
10/04/82,343.3
17/04/82,343.5
24/04/82,344.29
01/05/82,343.83
08/05/82,343.68
15/05/82,344.29
22/05/82,344.1
29/05/82,344.1
05/06/82,343.48
12/06/82,343.5
19/06/82,343.46
26/06/82,342.91
03/07/82,342.53
10/07/82,342.03
17/07/82,342.02
24/07/82,341.81
31/07/82,341.31
07/08/82,340.57
14/08/82,340.06
21/08/82,339.71
28/08/82,338.32
04/09/82,338.88
11/09/82,338.61
18/09/82,337.84
25/09/82,336.92
02/10/82,337.32
09/10/82,338.09
16/10/82,337.6
23/10/82,337.94
30/10/82,338.7
06/11/82,338.49
13/11/82,339.2
20/11/82,339.72
27/11/82,339.88
04/12/82,339.86
11/12/82,340.43
18/12/82,340.71
25/12/82,340.82
01/01/83,340.94
08/01/83,341.44
15/01/83,341.57
22/01/83,341.25
29/01/83,341.72
05/02/83,342
12/02/83,342.77
19/02/83,342.5
26/02/83,342.84
05/03/83,342.38
12/03/83,342.58
19/03/83,344.06
26/03/83,343.81
02/04/83,344.02
09/04/83,344.89
16/04/83,345.07
23/04/83,345.32
30/04/83,345.46
07/05/83,345.43
14/05/83,345.77
21/05/83,345.85
28/05/83,345.76
04/06/83,345.68
11/06/83,345.6
18/06/83,345.04
25/06/83,344.97
02/07/83,344.74
09/07/83,344.59
16/07/83,343.73
23/07/83,343.66
30/07/83,342.6
06/08/83,343.05
13/08/83,341.7
20/08/83,342.14
27/08/83,341.8
03/09/83,339.94
10/09/83,339.99
17/09/83,339.86
24/09/83,339.98
01/10/83,339.87
08/10/83,339.76
15/10/83,340.12
22/10/83,340.25
29/10/83,340.37
05/11/83,340.8
12/11/83,341
19/11/83,341.18
26/11/83,341.7
03/12/83,341.87
10/12/83,342.85
17/12/83,343.39
24/12/83,343.61
31/12/83,343.47
07/01/84,343.78
14/01/84,343.47
21/01/84,343.5
28/01/84,344.16
04/02/84,344.35
11/02/84,344.57
18/02/84,344.33
25/02/84,344.69
03/03/84,344.88
10/03/84,344.95
17/03/84,345.45
24/03/84,345.69
28/04/84,347.47
05/05/84,347.49
12/05/84,347.78
19/05/84,347.36
26/05/84,347.03
02/06/84,347.09
09/06/84,347.02
16/06/84,346.89
23/06/84,346.37
30/06/84,346.24
07/07/84,345.82
14/07/84,345.48
21/07/84,345.25
28/07/84,344.48
04/08/84,344.05
11/08/84,344.12
18/08/84,343.19
25/08/84,342.05
01/09/84,341.65
08/09/84,340.65
15/09/84,341.37
22/09/84,341.31
29/09/84,340.85
06/10/84,341.19
13/10/84,341.3
20/10/84,341.91
27/10/84,341.67
03/11/84,342.01
10/11/84,342.65
17/11/84,343.14
24/11/84,343.75
01/12/84,343.6
08/12/84,343.95
15/12/84,344.23
22/12/84,344.58
29/12/84,344.57
05/01/85,344.77
12/01/85,345.01
19/01/85,345.01
26/01/85,345.08
02/02/85,345.95
09/02/85,345.54
16/02/85,345.82
23/02/85,346.37
02/03/85,346.77
09/03/85,347.11
16/03/85,347.58
23/03/85,347.7
30/03/85,348.27
06/04/85,348.04
13/04/85,348.08
20/04/85,348.52
27/04/85,348.84
04/05/85,348.89
11/05/85,349.31
18/05/85,349.18
25/05/85,348.18
01/06/85,349.05
08/06/85,348.49
15/06/85,348.24
22/06/85,347.9
29/06/85,347.47
06/07/85,346.9
13/07/85,346.8
20/07/85,346.43
27/07/85,345.79
10/08/85,344.7
17/08/85,344.5
24/08/85,344.38
31/08/85,343.76
07/09/85,344.29
14/09/85,343.37
21/09/85,342.46
28/09/85,342.13
05/10/85,342.4
12/10/85,342.5
19/10/85,343.14
26/10/85,343.22
02/11/85,343.38
09/11/85,343.77
16/11/85,344.25
23/11/85,344.64
30/11/85,345.3
07/12/85,345.37
14/12/85,345.67
21/12/85,345.17
28/12/85,346.3
04/01/86,346.44
11/01/86,346.09
18/01/86,346.25
25/01/86,346.46
01/02/86,346.22
08/02/86,346.84
15/02/86,347.18
22/02/86,347.2
01/03/86,347.07
08/03/86,346.65
15/03/86,347.22
22/03/86,349.15
29/03/86,348.87
05/04/86,349.21
12/04/86,349.45
19/04/86,349.34
26/04/86,350.2
03/05/86,349.99
10/05/86,350.14
17/05/86,350.23
24/05/86,350.13
31/05/86,350.18
07/06/86,349.73
14/06/86,349.54
21/06/86,349.48
28/06/86,348.92
05/07/86,348.69
12/07/86,347.77
19/07/86,347.61
26/07/86,347.41
02/08/86,346.65
09/08/86,346.23
16/08/86,345.59
23/08/86,345.62
30/08/86,345.27
06/09/86,345.05
13/09/86,345.32
20/09/86,344.43
27/09/86,344.51
04/10/86,343.99
11/10/86,344.11
18/10/86,343.99
25/10/86,344.57
01/11/86,345.17
08/11/86,345.35
15/11/86,345.63
22/11/86,345.72
29/11/86,346.41
06/12/86,346.92
13/12/86,346.77
20/12/86,346.97
27/12/86,347.08
03/01/87,347.62
10/01/87,348.37
17/01/87,348.27
24/01/87,347.96
31/01/87,348.03
07/02/87,347.91
14/02/87,348.25
21/02/87,348.54
28/02/87,349.47
07/03/87,348.85
14/03/87,349.27
21/03/87,349.79
28/03/87,350.2
04/04/87,350.82
11/04/87,350.27
18/04/87,351.19
25/04/87,351.39
02/05/87,351.43
09/05/87,352
16/05/87,351.73
23/05/87,351.91
30/05/87,351.78
06/06/87,351.65
13/06/87,351.17
20/06/87,351
27/06/87,350.94
04/07/87,349.76
11/07/87,349.84
18/07/87,348.87
25/07/87,349.51
01/08/87,349.04
08/08/87,348.15
15/08/87,348.62
22/08/87,348.01
29/08/87,346.71
05/09/87,347.05
12/09/87,346.65
19/09/87,346.29
26/09/87,345.85
03/10/87,345.77
10/10/87,346.34
17/10/87,346.59
24/10/87,346.8
31/10/87,346.91
07/11/87,347.34
14/11/87,347.65
21/11/87,348.16
28/11/87,348.75
05/12/87,348.66
12/12/87,348.82
19/12/87,349.12
26/12/87,349.29
02/01/88,349.78
09/01/88,350.28
16/01/88,350.21
23/01/88,350.79
30/01/88,351.22
06/02/88,351.81
13/02/88,351.31
20/02/88,351.53
27/02/88,352.55
05/03/88,352.88
12/03/88,351.88
19/03/88,351.78
26/03/88,352.23
02/04/88,353.13
09/04/88,353.57
16/04/88,353.15
23/04/88,354
30/04/88,354.23
07/05/88,353.76
14/05/88,354.3
21/05/88,354.52
28/05/88,354.2
04/06/88,354.18
11/06/88,354.2
18/06/88,353.61
25/06/88,353.19
02/07/88,353.08
09/07/88,352.56
16/07/88,352.65
23/07/88,351.96
30/07/88,351.13
06/08/88,350.95
13/08/88,350.3
20/08/88,350.49
27/08/88,349.61
03/09/88,349.38
10/09/88,348.73
17/09/88,348.95
24/09/88,348.19
01/10/88,348.82
08/10/88,348.88
15/10/88,348.68
22/10/88,349.42
29/10/88,349.29
05/11/88,349.78
12/11/88,349.89
19/11/88,350.18
26/11/88,350.48
03/12/88,350.5
10/12/88,351.02
17/12/88,351.6
24/12/88,351.36
31/12/88,352.4
07/01/89,352.77
14/01/89,352.97
21/01/89,352.51
28/01/89,353.06
04/02/89,352.83
11/02/89,352.64
18/02/89,353.22
25/02/89,353.48
04/03/89,353.17
11/03/89,353.46
18/03/89,353.55
25/03/89,354.48
01/04/89,354.56
08/04/89,355.05
15/04/89,355.41
22/04/89,356.01
29/04/89,355.9
06/05/89,355.36
13/05/89,355.82
20/05/89,355.64
27/05/89,355.76
03/06/89,355.8
10/06/89,355.09
17/06/89,354.87
24/06/89,354.9
01/07/89,354.5
08/07/89,354.76
15/07/89,353.85
22/07/89,353.19
29/07/89,353.21
05/08/89,352.62
12/08/89,352.24
19/08/89,351.16
26/08/89,350.43
02/09/89,350.79
09/09/89,350.28
16/09/89,349.41
23/09/89,349.31
30/09/89,349.71
07/10/89,349.97
14/10/89,349.74
21/10/89,350.24
28/10/89,350.47
04/11/89,350.66
11/11/89,351.29
18/11/89,351.6
25/11/89,351.46
02/12/89,352.09
09/12/89,352.16
16/12/89,352.48
23/12/89,352.59
30/12/89,353.44
06/01/90,353.47
13/01/90,353.55
20/01/90,353.8
27/01/90,353.96
03/02/90,354.13
10/02/90,355.02
17/02/90,354.87
24/02/90,354.78
03/03/90,355.72
10/03/90,354.99
17/03/90,355.84
24/03/90,355.17
31/03/90,355.95
07/04/90,356.17
14/04/90,355.9
21/04/90,356.68
28/04/90,356.18
05/05/90,357.3
12/05/90,357.09
19/05/90,356.99
26/05/90,357.13
02/06/90,357.01
09/06/90,356.63
16/06/90,355.68
23/06/90,355.53
30/06/90,355.79
07/07/90,355.51
14/07/90,354
21/07/90,354.59
28/07/90,354.72
04/08/90,353.56
11/08/90,353.23
18/08/90,352.92
25/08/90,352.01
01/09/90,350.99
08/09/90,350.75
15/09/90,351.33
22/09/90,350.97
29/09/90,350.92
06/10/90,351.1
13/10/90,351.08
20/10/90,351.48
27/10/90,351.47
03/11/90,352.12
10/11/90,352.62
17/11/90,353.05
24/11/90,353.18
01/12/90,353.61
08/12/90,354.07
15/12/90,353.87
22/12/90,354.51
29/12/90,354.89
05/01/91,354.28
12/01/91,354.73
19/01/91,354.86
26/01/91,355.05
02/02/91,355.22
09/02/91,355.23
16/02/91,356.4
23/02/91,355.83
02/03/91,356.41
09/03/91,357.21
16/03/91,357.69
23/03/91,356.96
30/03/91,357.94
06/04/91,358.32
13/04/91,357.83
20/04/91,359.19
27/04/91,359.24
04/05/91,359.11
11/05/91,358.94
18/05/91,360.03
25/05/91,359.08
01/06/91,358.52
08/06/91,358.46
15/06/91,358.22
22/06/91,358.12
29/06/91,357.74
06/07/91,357.27
13/07/91,356.54
20/07/91,355.26
27/07/91,355.3
03/08/91,354.89
10/08/91,354.6
17/08/91,353.78
24/08/91,353.07
31/08/91,353.22
07/09/91,353.06
14/09/91,352.12
21/09/91,351.84
28/09/91,351.69
05/10/91,351.7
12/10/91,352.18
19/10/91,352.53
26/10/91,352.72
02/11/91,353.47
09/11/91,353.76
16/11/91,353.56
23/11/91,353.86
30/11/91,354.35
07/12/91,354.54
14/12/91,354.97
21/12/91,355.22
28/12/91,355.5
04/01/92,355.69
11/01/92,356.07
18/01/92,356.19
25/01/92,355.96
01/02/92,356.05
08/02/92,356.73
15/02/92,357.33
22/02/92,356.99
29/02/92,356.58
07/03/92,357.3
14/03/92,357.8
21/03/92,358.18
28/03/92,358.42
04/04/92,358.57
11/04/92,358.99
18/04/92,359.75
25/04/92,359.25
02/05/92,359.69
09/05/92,359.73
16/05/92,358.6
23/05/92,359.65
30/05/92,360.25
06/06/92,360.03
13/06/92,359.48
20/06/92,358.75
27/06/92,358.45
04/07/92,358.47
11/07/92,357.2
18/07/92,356.37
25/07/92,356.1
01/08/92,354.99
08/08/92,355.33
15/08/92,355.32
22/08/92,354.59
29/08/92,354.34
05/09/92,353.53
12/09/92,353.66
19/09/92,352.37
26/09/92,352.75
03/10/92,353.6
10/10/92,353.38
17/10/92,353.24
24/10/92,353.51
31/10/92,353.56
07/11/92,353.99
14/11/92,353.86
21/11/92,354.57
28/11/92,354.64
05/12/92,354.85
12/12/92,355.37
19/12/92,355.46
26/12/92,355.97
02/01/93,356.29
09/01/93,356.96
16/01/93,356.72
23/01/93,356.66
30/01/93,357.03
06/02/93,356.62
13/02/93,357.23
20/02/93,357.36
27/02/93,357.68
06/03/93,358.39
13/03/93,358.52
20/03/93,358.13
27/03/93,358.85
03/04/93,359.17
10/04/93,358.87
17/04/93,359.42
24/04/93,360.03
01/05/93,359.62
08/05/93,359.78
15/05/93,360.7
22/05/93,360.62
29/05/93,360.35
05/06/93,359.79
12/06/93,359.92
19/06/93,359.34
26/06/93,359.15
03/07/93,357.91
10/07/93,358.02
17/07/93,358.1
24/07/93,356.69
31/07/93,356.52
07/08/93,355.88
14/08/93,355.95
21/08/93,354.9
28/08/93,354.72
04/09/93,354.3
11/09/93,353.23
18/09/93,353.81
25/09/93,353.86
02/10/93,353.8
09/10/93,353.87
16/10/93,354
23/10/93,354.45
30/10/93,354.38
06/11/93,354.78
13/11/93,355.16
20/11/93,355.65
27/11/93,356.03
04/12/93,356.27
11/12/93,356.52
18/12/93,356.99
25/12/93,357.5
01/01/94,358.14
08/01/94,358.12
15/01/94,358.43
22/01/94,358.33
29/01/94,358.78
05/02/94,358.49
12/02/94,358.61
19/02/94,359.02
26/02/94,359.64
05/03/94,358.77
12/03/94,359.86
19/03/94,360.49
26/03/94,360.83
02/04/94,360.68
09/04/94,361.01
16/04/94,361.07
23/04/94,361.34
30/04/94,362.25
07/05/94,361.63
14/05/94,361.42
21/05/94,361.78
28/05/94,361.91
04/06/94,361.04
11/06/94,361.07
18/06/94,360.93
25/06/94,360.7
02/07/94,360.22
09/07/94,359.9
16/07/94,359.43
23/07/94,359
30/07/94,358.81
06/08/94,358.1
13/08/94,357.52
20/08/94,357.63
27/08/94,356.39
03/09/94,356.44
10/09/94,356.46
17/09/94,355.46
24/09/94,355.5
01/10/94,355.46
08/10/94,355.81
15/10/94,356.09
22/10/94,356.39
29/10/94,356.61
05/11/94,356.97
12/11/94,357.4
19/11/94,357.93
26/11/94,358.11
03/12/94,358.43
10/12/94,359.13
17/12/94,359.25
24/12/94,359.15
31/12/94,359.52
07/01/95,359.68
14/01/95,360.28
21/01/95,360.12
28/01/95,360.04
04/02/95,360.67
11/02/95,361.09
18/02/95,360.88
25/02/95,361.36
04/03/95,362.2
11/03/95,361.24
18/03/95,360.99
25/03/95,362
01/04/95,363.8
08/04/95,363.44
15/04/95,363.34
22/04/95,362.89
29/04/95,363.58
06/05/95,363.24
13/05/95,364.11
20/05/95,364.18
27/05/95,363.47
03/06/95,363.92
10/06/95,363.47
17/06/95,362.96
24/06/95,362.81
01/07/95,362.53
08/07/95,362.27
15/07/95,361.97
22/07/95,361.58
29/07/95,360.98
05/08/95,360.45
12/08/95,359.21
19/08/95,358.72
26/08/95,359.29
02/09/95,357.37
09/09/95,358.5
16/09/95,358.58
23/09/95,358.2
30/09/95,357.56
07/10/95,357.65
14/10/95,357.6
21/10/95,358.04
28/10/95,358.23
04/11/95,359.19
11/11/95,359.43
18/11/95,359.69
25/11/95,359.87
02/12/95,360.13
09/12/95,360.43
16/12/95,360.53
23/12/95,360.89
30/12/95,361.73
06/01/96,361.81
13/01/96,362.06
20/01/96,362.17
27/01/96,362.23
03/02/96,362.68
10/02/96,363.12
17/02/96,363.01
24/02/96,364.03
02/03/96,363.84
09/03/96,363.66
16/03/96,364.1
23/03/96,364.53
30/03/96,364.35
06/04/96,364.57
13/04/96,364.89
20/04/96,364.4
27/04/96,365.13
04/05/96,364.92
11/05/96,365.37
18/05/96,365.74
25/05/96,365.43
01/06/96,364.86
08/06/96,365.19
15/06/96,365.27
22/06/96,365
29/06/96,364.3
06/07/96,364.19
13/07/96,363.75
20/07/96,363.38
27/07/96,362.84
03/08/96,361.78
10/08/96,362.1
17/08/96,361.29
24/08/96,360.85
31/08/96,360.82
07/09/96,359.86
14/09/96,359.82
21/09/96,359.09
28/09/96,359.04
05/10/96,359.45
12/10/96,359.52
19/10/96,359.86
26/10/96,359.87
02/11/96,359.94
09/11/96,360.52
16/11/96,360.79
23/11/96,361.24
30/11/96,361.4
07/12/96,361.97
14/12/96,362.68
21/12/96,362.47
28/12/96,362.62
04/01/97,362.95
11/01/97,363
18/01/97,363.16
25/01/97,363.51
01/02/97,363.28
08/02/97,364.19
15/02/97,364.02
22/02/97,364.24
01/03/97,364.5
08/03/97,364.16
15/03/97,364.19
22/03/97,364.75
29/03/97,365.43
05/04/97,365.8
12/04/97,366.25
19/04/97,366.69
26/04/97,366.79
03/05/97,366.76
10/05/97,366.8
17/05/97,367.03
24/05/97,366.61
31/05/97,366.36
07/06/97,365.71
14/06/97,365.61
21/06/97,365.53
28/06/97,365.16
05/07/97,365.09
12/07/97,364.67
19/07/97,364.11
26/07/97,363.8
02/08/97,363.39
09/08/97,363.36
16/08/97,362.63
23/08/97,361.51
30/08/97,361.66
06/09/97,360.69
13/09/97,360.26
20/09/97,360.08
27/09/97,359.81
04/10/97,360.54
11/10/97,360.49
18/10/97,361.07
25/10/97,361.13
01/11/97,361.71
08/11/97,362.19
15/11/97,362.06
22/11/97,362.65
29/11/97,363.51
06/12/97,363.97
13/12/97,363.95
20/12/97,364.27
27/12/97,365.09
03/01/98,365.24
10/01/98,365.3
17/01/98,365.35
24/01/98,365.38
31/01/98,365.69
07/02/98,366.06
14/02/98,365.52
21/02/98,366.08
28/02/98,367.36
07/03/98,367.02
14/03/98,366.66
21/03/98,367.49
28/03/98,368.57
04/04/98,368.69
11/04/98,368.68
18/04/98,368.05
25/04/98,368.9
02/05/98,369.17
09/05/98,368.83
16/05/98,368.51
23/05/98,369.66
30/05/98,369.7
06/06/98,369.41
13/06/98,368.88
20/06/98,368.54
27/06/98,368.36
04/07/98,368.05
11/07/98,367.54
18/07/98,367.67
25/07/98,367.36
01/08/98,366.88
08/08/98,366.46
15/08/98,365.64
22/08/98,365.63
29/08/98,364.25
05/09/98,364.74
12/09/98,363.96
19/09/98,363.5
26/09/98,363.6
03/10/98,364.01
10/10/98,364.17
17/10/98,364.46
24/10/98,364.49
31/10/98,364.7
07/11/98,365.05
14/11/98,365.48
21/11/98,365.8
28/11/98,366
05/12/98,366.46
12/12/98,366.74
19/12/98,367.3
26/12/98,367.38
02/01/99,367.58
09/01/99,367.87
16/01/99,367.8
23/01/99,368.33
30/01/99,369.25
06/02/99,369.19
13/02/99,368.9
20/02/99,369.05
27/02/99,368.52
06/03/99,368.13
13/03/99,369.58
20/03/99,370.27
27/03/99,370.65
03/04/99,371.11
10/04/99,371.59
17/04/99,371.07
24/04/99,370.32
01/05/99,370.82
08/05/99,371.33
15/05/99,371.09
22/05/99,370.89
29/05/99,370.41
05/06/99,370.98
12/06/99,370.33
19/06/99,369.97
26/06/99,369.97
03/07/99,369.49
10/07/99,370.15
17/07/99,369.54
24/07/99,368.66
31/07/99,367.48
07/08/99,367.65
14/08/99,366.77
21/08/99,366.44
28/08/99,366.16
04/09/99,364.22
11/09/99,364.75
18/09/99,365.25
25/09/99,364.74
02/10/99,364.62
09/10/99,365.11
16/10/99,364.94
23/10/99,365.7
30/10/99,365.81
06/11/99,366.24
13/11/99,366.75
20/11/99,366.74
27/11/99,367.2
04/12/99,367.47
11/12/99,368.1
18/12/99,368.05
25/12/99,368.27
01/01/00,368.74
08/01/00,368.63
15/01/00,369.12
22/01/00,369.93
29/01/00,369.35
05/02/00,369.18
12/02/00,369.66
19/02/00,369.45
26/02/00,369.61
04/03/00,370.11
11/03/00,370.09
18/03/00,370.98
25/03/00,370.86
01/04/00,371.04
08/04/00,371.81
15/04/00,371.91
22/04/00,372.1
29/04/00,371.37
06/05/00,371.36
13/05/00,371.83
20/05/00,372.01
27/05/00,371.91
03/06/00,371.98
10/06/00,371.71
17/06/00,371.82
24/06/00,371.41
01/07/00,370.96
08/07/00,370.17
15/07/00,370.29
22/07/00,369.85
29/07/00,369.1
05/08/00,368.86
12/08/00,368.46
19/08/00,367.78
26/08/00,367.25
02/09/00,367.28
09/09/00,366.84
16/09/00,366.35
23/09/00,366.34
30/09/00,366.54
07/10/00,366.42
14/10/00,366.75
21/10/00,366.79
28/10/00,367.46
04/11/00,367.78
11/11/00,368.1
18/11/00,368.76
25/11/00,368.42
02/12/00,369.1
09/12/00,369.74
16/12/00,369.41
23/12/00,369.64
30/12/00,369.91
06/01/01,369.95
13/01/01,370.35
20/01/01,370.1
27/01/01,370.91
03/02/01,371.45
10/02/01,371.29
17/02/01,371.82
24/02/01,371.33
03/03/01,372.34
10/03/01,372.32
17/03/01,372.23
24/03/01,371.97
31/03/01,372.18
07/04/01,372.82
14/04/01,372.84
21/04/01,373.17
28/04/01,372.91
05/05/01,373.83
12/05/01,374.08
19/05/01,373.85
26/05/01,374.05
02/06/01,374
09/06/01,373.27
16/06/01,372.98
23/06/01,373.04
30/06/01,372.9
07/07/01,372.29
14/07/01,371.51
21/07/01,371.36
28/07/01,370.76
04/08/01,370.07
11/08/01,369.7
18/08/01,369.43
25/08/01,369.15
01/09/01,368.61
08/09/01,368.34
15/09/01,368.18
22/09/01,367.61
29/09/01,367.56
06/10/01,367.93
13/10/01,367.73
20/10/01,368.23
27/10/01,368.92
03/11/01,368.87
10/11/01,369.03
17/11/01,369.84
24/11/01,370.44
01/12/01,370.51
08/12/01,371.03
15/12/01,371.34
22/12/01,371.51
29/12/01,371.67
05/01/02,371.94
12/01/02,372.26
19/01/02,373.04
26/01/02,372.46
02/02/02,372.85
09/02/02,372.93
16/02/02,372.84
23/02/02,373.4
02/03/02,373.29
09/03/02,373.47
16/03/02,373.37
23/03/02,373.51
30/03/02,374.29
06/04/02,374.5
13/04/02,374.55
20/04/02,375.06
27/04/02,375.47
04/05/02,375.78
11/05/02,374.95
18/05/02,375.24
25/05/02,375.92
01/06/02,375.78
08/06/02,375.66
15/06/02,375.12
22/06/02,375.5
29/06/02,374.47
06/07/02,374.62
13/07/02,374.13
20/07/02,373.68
27/07/02,373.16
03/08/02,372.93
10/08/02,371.73
17/08/02,371.03
24/08/02,370.87
31/08/02,370.12
07/09/02,371.39
14/09/02,371.16
21/09/02,370.45
28/09/02,369.97
05/10/02,369.68
12/10/02,370.04
19/10/02,371.06
26/10/02,370.44
02/11/02,371.67
09/11/02,371.55
16/11/02,372.08
23/11/02,372.69
30/11/02,372.65
07/12/02,373.32
14/12/02,373.44
21/12/02,374.16
28/12/02,374.6
04/01/03,374.49
11/01/03,374.46
18/01/03,374.82
25/01/03,374.89
01/02/03,375.23
08/02/03,374.81
15/02/03,375.7
22/02/03,376.36
01/03/03,375.82
08/03/03,375.89
15/03/03,375.76
22/03/03,376.44
29/03/03,376.82
05/04/03,376.81
12/04/03,377.3
19/04/03,378.11
26/04/03,378.46
03/05/03,378.11
10/05/03,377.49
17/05/03,378.79
24/05/03,378.71
31/05/03,378.29
07/06/03,378.39
21/06/03,377.34
28/06/03,377.85
05/07/03,376.43
12/07/03,377.05
19/07/03,376.7
26/07/03,375.98
02/08/03,375.48
09/08/03,374.67
16/08/03,374.06
23/08/03,374.47
30/08/03,373.48
06/09/03,373.09
13/09/03,372.76
20/09/03,373.08
27/09/03,373.03
04/10/03,372.87
25/10/03,373.33
01/11/03,373.5
08/11/03,373.76
15/11/03,374.45
22/11/03,375.21
29/11/03,374.72
06/12/03,374.47
13/12/03,376.15
20/12/03,376.05
27/12/03,376.43
03/01/04,376.17
10/01/04,376.17
17/01/04,377.01
24/01/04,377.29
31/01/04,377.49
07/02/04,377.47
14/02/04,377
21/02/04,377.35
28/02/04,377.67
06/03/04,378.05
13/03/04,379.4
20/03/04,378.47
27/03/04,378.5
03/04/04,380.09
10/04/04,380.41
17/04/04,380.56
24/04/04,380.71
01/05/04,380.28
08/05/04,381.04
15/05/04,380.51
22/05/04,380.33
29/05/04,380.66
05/06/04,379.62
12/06/04,380
19/06/04,379.3
26/06/04,379.07
03/07/04,378.44
10/07/04,378.04
17/07/04,377.33
24/07/04,376.99
31/07/04,377.35
07/08/04,376.56
14/08/04,375.84
21/08/04,375.7
28/08/04,374.62
04/09/04,373.82
11/09/04,374.57
18/09/04,374.14
25/09/04,373.8
02/10/04,374.01
09/10/04,373.95
16/10/04,374.05
23/10/04,374.58
30/10/04,375.02
06/11/04,375.06
13/11/04,376.13
20/11/04,376.46
27/11/04,376.13
04/12/04,377.09
11/12/04,377.37
18/12/04,377.5
25/12/04,377.68
01/01/05,378.06
08/01/05,378.21
15/01/05,378.36
22/01/05,378.34
29/01/05,378.66
05/02/05,379.02
12/02/05,379.31
19/02/05,380.25
26/03/05,380.57
02/04/05,382.07
09/04/05,382.25
16/04/05,381.35
23/04/05,382.08
30/04/05,382.38
07/05/05,381.51
14/05/05,382.53
21/05/05,382.14
28/05/05,382.58
04/06/05,382.36
11/06/05,382.31
18/06/05,382.12
25/06/05,381.48
02/07/05,381.15
09/07/05,380.9
16/07/05,380.63
23/07/05,380.36
30/07/05,379.86
06/08/05,379.21
13/08/05,378.97
20/08/05,378.4
27/08/05,377.69
03/09/05,377.82
10/09/05,376.33
17/09/05,376.14
24/09/05,375.95
01/10/05,376.33
08/10/05,376.44
15/10/05,377.12
22/10/05,377.31
29/10/05,377.24
05/11/05,377.76
12/11/05,378.07
19/11/05,378.75
26/11/05,378.77
03/12/05,379.41
10/12/05,380.09
17/12/05,380.09
24/12/05,380.14
31/12/05,380.43
07/01/06,381.28
14/01/06,381.41
21/01/06,381.57
28/01/06,381.47
04/02/06,382.04
25/02/06,381.86
04/03/06,382.39
11/03/06,382.55
18/03/06,382.74
25/03/06,382.55
01/04/06,382.97
08/04/06,384.65
15/04/06,384.67
22/04/06,384.71
29/04/06,384.62
06/05/06,384.91
13/05/06,384.87
20/05/06,385.34
27/05/06,384.3
03/06/06,384.29
10/06/06,384.31
17/06/06,384.07
24/06/06,383.55
01/07/06,383
08/07/06,382.78
15/07/06,381.28
22/07/06,381.81
29/07/06,381.55
05/08/06,381.22
12/08/06,380.63
19/08/06,380.2
26/08/06,379.77
02/09/06,379.52
09/09/06,378.66
16/09/06,378.8
23/09/06,378.49
30/09/06,379
07/10/06,378.78
14/10/06,379.14
21/10/06,379.22
28/10/06,379.57
04/11/06,379.67
11/11/06,379.81
18/11/06,379.98
25/11/06,381.42
02/12/06,381.31
09/12/06,381.6
16/12/06,381.81
23/12/06,381.96
30/12/06,381.76
06/01/07,382.64
13/01/07,382.36
20/01/07,381.84
03/02/07,383.09
10/02/07,383.6
17/02/07,384.22
24/02/07,383.76
03/03/07,383.71
10/03/07,383.64
17/03/07,384.28
24/03/07,384.96
31/03/07,385.93
07/04/07,385.46
14/04/07,386.3
21/04/07,387
28/04/07,386.42
05/05/07,385.85
12/05/07,386.54
19/05/07,386.03
26/05/07,386.93
02/06/07,386.6
09/06/07,386.23
16/06/07,386.29
23/06/07,384.95
30/06/07,384.85
07/07/07,384.92
14/07/07,384.75
21/07/07,383.97
28/07/07,383.41
04/08/07,382.51
11/08/07,381.72
18/08/07,381.6
25/08/07,381.67
01/09/07,381.69
08/09/07,380.74
15/09/07,380.75
22/09/07,380.94
29/09/07,380.8
06/10/07,380.68
13/10/07,380.68
20/10/07,381.1
27/10/07,381.36
03/11/07,381.76
10/11/07,381.92
17/11/07,382.43
24/11/07,382.91
01/12/07,382.9
08/12/07,383.31
15/12/07,383.79
22/12/07,383.9
29/12/07,384.04
05/01/08,384.36
12/01/08,384.41
19/01/08,385.47
26/01/08,386.06
02/02/08,386.19
09/02/08,385.72
16/02/08,385.58
23/02/08,385.24
01/03/08,384.88
08/03/08,385.88
15/03/08,385.64
22/03/08,386.17
29/03/08,386.7
05/04/08,388
12/04/08,385.9
19/04/08,386.38
26/04/08,387.19
03/05/08,386.94
10/05/08,388.9
17/05/08,388.84
24/05/08,388.53
31/05/08,388.48
07/06/08,388.16
14/06/08,387.79
21/06/08,387.54
28/06/08,388.11
05/07/08,387.08
12/07/08,386.11
19/07/08,385.73
26/07/08,385.96
02/08/08,384.91
09/08/08,384.68
16/08/08,383.89
23/08/08,383.55
30/08/08,383.16
06/09/08,383.18
13/09/08,383.37
20/09/08,382.98
27/09/08,382.92
04/10/08,382.66
11/10/08,382.72
18/10/08,382.96
25/10/08,382.94
01/11/08,383.61
08/11/08,383.6
15/11/08,384.03
22/11/08,384.32
29/11/08,384.46
06/12/08,384.77
13/12/08,384.89
20/12/08,385.15
27/12/08,385.8
03/01/09,386.01
10/01/09,386.53
17/01/09,386.64
24/01/09,387.05
31/01/09,387.26
07/02/09,386.51
14/02/09,387.44
21/02/09,387.4
28/02/09,387.48
07/03/09,388.54
14/03/09,388.64
21/03/09,388.44
28/03/09,389.17
04/04/09,389.39
11/04/09,389.74
18/04/09,388.67
25/04/09,390.37
02/05/09,390.16
09/05/09,389.87
16/05/09,390.3
23/05/09,390.76
30/05/09,389.35
06/06/09,390.46
13/06/09,390.01
20/06/09,388.88
27/06/09,388.72
04/07/09,388.3
11/07/09,388.68
18/07/09,388.03
25/07/09,387.48
01/08/09,387.16
08/08/09,386.67
15/08/09,385.27
22/08/09,386.05
29/08/09,385.65
05/09/09,385.3
12/09/09,384.48
19/09/09,384.61
26/09/09,384.51
03/10/09,383.43
10/10/09,384.28
17/10/09,384.55
24/10/09,384.79
31/10/09,385.18
07/11/09,385.6
14/11/09,386.09
21/11/09,386.31
28/11/09,386.73
05/12/09,386.91
12/12/09,386.81
19/12/09,388.04
26/12/09,388.19
02/01/10,388.41
09/01/10,388.17
16/01/10,388.69
23/01/10,388.59
30/01/10,389.04
06/02/10,390.91
13/02/10,389.78
20/02/10,390.84
27/02/10,389.38
06/03/10,391.07
13/03/10,391.37
20/03/10,391.55
27/03/10,390.08
03/04/10,391.15
10/04/10,391.6
17/04/10,393.27
24/04/10,393.27
01/05/10,392.99
08/05/10,392.97
15/05/10,393.13
22/05/10,393.55
29/05/10,393.02
05/06/10,393.08
12/06/10,392.35
19/06/10,391.73
26/06/10,391.46
03/07/10,391.01
10/07/10,390.2
17/07/10,389.91
24/07/10,390.12
31/07/10,389.49
07/08/10,389.06
14/08/10,388.76
21/08/10,388.12
28/08/10,387.42
04/09/10,386.91
11/09/10,386.85
18/09/10,386.97
25/09/10,386.87
02/10/10,386.75
09/10/10,386.98
16/10/10,387.03
23/10/10,387.8
30/10/10,387.78
06/11/10,387.95
13/11/10,388.27
20/11/10,389.11
27/11/10,389.59
04/12/10,389.88
11/12/10,389.75
18/12/10,389.58
25/12/10,389.96
01/01/11,390.5
08/01/11,391.61
15/01/11,391.06
22/01/11,391.25
29/01/11,392
05/02/11,391.89
12/02/11,391.52
19/02/11,391.82
26/02/11,392.5
05/03/11,391.59
12/03/11,391.94
19/03/11,392.43
26/03/11,394.11
02/04/11,393.4
09/04/11,392.71
16/04/11,393.73
23/04/11,393.22
30/04/11,393.59
07/05/11,393.36
14/05/11,393.84
21/05/11,395.12
28/05/11,394.49
04/06/11,394.08
11/06/11,393.42
18/06/11,393.92
25/06/11,393.37
02/07/11,393.31
09/07/11,393.61
16/07/11,392.64
23/07/11,391.13
30/07/11,391.77
06/08/11,390.76
13/08/11,390.53
20/08/11,389.82
27/08/11,389.41
03/09/11,389.23
10/09/11,389.17
17/09/11,389.15
24/09/11,388.86
01/10/11,388.91
08/10/11,388.74
15/10/11,388.91
22/10/11,389.09
29/10/11,389.45
05/11/11,389.64
12/11/11,390.24
19/11/11,390.44
26/11/11,390.77
03/12/11,391.08
10/12/11,391.7
17/12/11,392.24
24/12/11,392.09
31/12/11,392.26
07/01/12,392.92
14/01/12,393.61
21/01/12,393.04
28/01/12,393.03
04/02/12,392.43
11/02/12,393.45
18/02/12,393.97
25/02/12,393.62
03/03/12,394.17
10/03/12,393.38
17/03/12,394.79
24/03/12,395.15
31/03/12,394.91
07/04/12,396.45
14/04/12,396.38
21/04/12,396.56
28/04/12,396.7
05/05/12,397.08
12/05/12,397.28
19/05/12,396.56
26/05/12,396.28
02/06/12,396.03
09/06/12,396.02
16/06/12,395.86
23/06/12,395.73
30/06/12,395.41
07/07/12,394.86
14/07/12,394.59
21/07/12,394.35
28/07/12,393.6
04/08/12,393.39
11/08/12,392.93
18/08/12,392.31
25/08/12,391.7
01/09/12,391.98
08/09/12,391
15/09/12,391.03
22/09/12,391.02
29/09/12,390.99
20/10/12,391.29
27/10/12,391.46
03/11/12,391.76
10/11/12,392.77
17/11/12,393.42
24/11/12,393.36
01/12/12,393.61
08/12/12,394.05
15/12/12,394.46
22/12/12,394.83
29/12/12,394.62
05/01/13,394.99
12/01/13,395.57
19/01/13,396.21
26/01/13,395.64
02/02/13,396.39
09/02/13,396.46
16/02/13,397.31
23/02/13,396.88
02/03/13,397.13
09/03/13,396.64
16/03/13,397.25
23/03/13,397.21
30/03/13,398.39
06/04/13,398.05
13/04/13,397.43
20/04/13,398.76
27/04/13,399.33
04/05/13,399.64
11/05/13,399.78
18/05/13,400.04
25/05/13,400.22
01/06/13,399.43
08/06/13,398.91
15/06/13,398.58
22/06/13,398.5
29/06/13,398.65
06/07/13,397.56
13/07/13,397.48
20/07/13,396.83
27/07/13,396.98
03/08/13,396.61
10/08/13,395.55
17/08/13,395.24
24/08/13,394.73
31/08/13,394.33
07/09/13,393.52
14/09/13,393.25
21/09/13,393.53
28/09/13,393.22
05/10/13,393.47
12/10/13,393.52
19/10/13,393.93
26/10/13,394.13
02/11/13,394.39
09/11/13,395.25
16/11/13,394.85
23/11/13,395.66
30/11/13,396.06
07/12/13,396.27
14/12/13,396.52
21/12/13,397.3
28/12/13,397.59
04/01/14,397.9
11/01/14,397.82
18/01/14,398.13
25/01/14,397.75
01/02/14,398.02
08/02/14,397.98
15/02/14,397.79
22/02/14,398.24
01/03/14,397.92
08/03/14,398.88
15/03/14,400.68
22/03/14,399.62
29/03/14,400.34
05/04/14,401.32
12/04/14,401.22
19/04/14,401.29
26/04/14,401.42
03/05/14,401.74
10/05/14,401.51
17/05/14,402.18
24/05/14,401.44
31/05/14,402.12
07/06/14,401.55
14/06/14,401.31
21/06/14,401.21
28/06/14,400.57
05/07/14,400.06
12/07/14,399.58
19/07/14,398.54
26/07/14,397.86
02/08/14,397.86
09/08/14,397.45
16/08/14,397.23
23/08/14,396.75
30/08/14,396.37
06/09/14,396.35
13/09/14,394.8
20/09/14,395.32
27/09/14,395.55
04/10/14,395.57
11/10/14,395.49
18/10/14,395.72
25/10/14,395.91
01/11/14,396.52
08/11/14,396.9
15/11/14,397.34
22/11/14,397.24
29/11/14,398.1
06/12/14,398.26
13/12/14,398.92
20/12/14,399.09
27/12/14,399.01
03/01/15,399.92
10/01/15,399.86
17/01/15,399.72
24/01/15,399.98
31/01/15,400.2
07/02/15,400.02
14/02/15,400.15
21/02/15,400.36
28/02/15,401.03
07/03/15,401.63
14/03/15,401.8
21/03/15,400.79
28/03/15,402.5
04/04/15,402.74
11/04/15,403.88
18/04/15,403.8
25/04/15,403.22
02/05/15,404.07
09/05/15,404.09
16/05/15,404.31
23/05/15,403.85
30/05/15,403.81
06/06/15,403.45
13/06/15,402.72
20/06/15,402.63
27/06/15,402.36
04/07/15,402.25
11/07/15,401.71
18/07/15,401.02
25/07/15,401.3
01/08/15,398.74
08/08/15,399.21
15/08/15,399.12
22/08/15,399.03
29/08/15,398.8
05/09/15,398.16
12/09/15,397.1
19/09/15,397.57
26/09/15,397.42
03/10/15,397.74
10/10/15,398.51
17/10/15,398.61
24/10/15,398.43
31/10/15,398.87
07/11/15,399.53
14/11/15,400.75
21/11/15,400.42
28/11/15,400.83
05/12/15,400.91
12/12/15,402.4
19/12/15,402.32
26/12/15,402.01
02/01/16,402.25
09/01/16,402.23
16/01/16,402.68
23/01/16,403.26
30/01/16,402.79
06/02/16,404.98
13/02/16,403.22
20/02/16,404.59
27/02/16,403.98
05/03/16,403.99
12/03/16,404.51
19/03/16,405.01
26/03/16,406.16
02/04/16,405.7
09/04/16,408.56
16/04/16,408.16
23/04/16,407.7
30/04/16,407.84
07/05/16,407.51
14/05/16,407.54
21/05/16,407.41
28/05/16,407.92
04/06/16,407.52
11/06/16,406.99
18/06/16,407.02
25/06/16,406.4
02/07/16,405.96
09/07/16,404.93
16/07/16,403.64
23/07/16,403.71
30/07/16,403.76
06/08/16,403.22
13/08/16,402.11
20/08/16,401.78
27/08/16,401.43
03/09/16,401.27
10/09/16,401.13
17/09/16,401.25
24/09/16,400.85
01/10/16,400.82
08/10/16,401.2
15/10/16,401.7
22/10/16,401.82
29/10/16,402.38
05/11/16,403.15
12/11/16,403.12
19/11/16,403.95
26/11/16,404.44
03/12/16,404.16
10/12/16,404.28
17/12/16,404.63
24/12/16,404.66
31/12/16,405.38
07/01/17,405.94
14/01/17,405.91
21/01/17,406.37
28/01/17,406.35
04/02/17,406.2
11/02/17,406.02
18/02/17,406.17
25/02/17,408.07
04/03/17,407.06
11/03/17,406.53
18/03/17,406.73
25/03/17,407.89
01/04/17,408.66
08/04/17,407.19
15/04/17,409.12
22/04/17,409.89
29/04/17,409.04
06/05/17,409.54
13/05/17,409.83
20/05/17,410.18
27/05/17,409.88
03/06/17,409.67
10/06/17,409.62
17/06/17,408.82
24/06/17,408.43
01/07/17,407.77
08/07/17,407.68
15/07/17,407.11
22/07/17,406.76
29/07/17,406.5
05/08/17,405.93
12/08/17,405.55
19/08/17,404.81
26/08/17,404.54
02/09/17,404.1
09/09/17,403.39
16/09/17,403.44
23/09/17,402.95
30/09/17,402.73
07/10/17,403.19
14/10/17,403.6
21/10/17,404.05
28/10/17,404.25
04/11/17,404.28
11/11/17,404.51
18/11/17,405.53
25/11/17,406.36
02/12/17,406.85
09/12/17,406.16
16/12/17,406.5
23/12/17,407.07
30/12/17,407.24
06/01/18,407.96
13/01/18,408.08
20/01/18,408.26
27/01/18,408.05
03/02/18,407.63
10/02/18,408.41
17/02/18,408.46
24/02/18,408.69
03/03/18,408.77
10/03/18,409.64
17/03/18,408.69
24/03/18,409.77
31/03/18,409.63
07/04/18,409.41
14/04/18,410.1
21/04/18,411.36
28/04/18,410.58
05/05/18,409.75
12/05/18,411.62
19/05/18,411.43
26/05/18,411.81
02/06/18,411.15
09/06/18,411.24
16/06/18,410.56
23/06/18,410.81
30/06/18,410.19
07/07/18,409.29
14/07/18,409.07
21/07/18,408.49
28/07/18,408.08
04/08/18,407.36
11/08/18,407.28
18/08/18,407.07
25/08/18,406.63
01/09/18,405.98
08/09/18,405.61
15/09/18,405.6
22/09/18,405.69
29/09/18,405.56
06/10/18,405.56
13/10/18,405.91
20/10/18,406.42
27/10/18,406.51
03/11/18,406.83
10/11/18,407.69
17/11/18,409.11
24/11/18,408.46
01/12/18,408.56
08/12/18,408.92
15/12/18,409.56
22/12/18,409.73
29/12/18,409.26
05/01/19,410.32
12/01/19,409.73
19/01/19,412.31
26/01/19,410.91
02/02/19,410.97
09/02/19,412.12
16/02/19,411.79
23/02/19,411.46
02/03/19,412.08
09/03/19,412.26
16/03/19,412.87
23/03/19,410.73
30/03/19,412.37
06/04/19,412.62
13/04/19,413.36
20/04/19,413.94
27/04/19,414.27
04/05/19,414.41
11/05/19,414.95
18/05/19,415.08
25/05/19,414.66
01/06/19,414.21
08/06/19,414.45
15/06/19,413.85
22/06/19,413.68
29/06/19,413.38
06/07/19,412.69
13/07/19,412.3
20/07/19,411.76
27/07/19,410.32
03/08/19,410.5
10/08/19,410.48
17/08/19,410.05
24/08/19,409.52
31/08/19,409.32
07/09/19,408.8
14/09/19,408.61
21/09/19,408.5
28/09/19,408.28
05/10/19,407.99
12/10/19,408.61
19/10/19,408.77
26/10/19,408.68
02/11/19,409.86
09/11/19,410.15
16/11/19,410.22
23/11/19,410.48
30/11/19,410.92
07/12/19,411.27
14/12/19,411.67
21/12/19,412.3
28/12/19,412.59
04/01/20,413.19
11/01/20,413.39
25/01/20,413.36
01/02/20,413.99
08/02/20,414.83
15/02/20,413.81
22/02/20,414.17
29/02/20,413.89
07/03/20,414
14/03/20,414.3
21/03/20,414.62
28/03/20,415.57
04/04/20,415.61
11/04/20,416.47
18/04/20,416.6
25/04/20,415.86
02/05/20,417.2
09/05/20,416.99
16/05/20,416.54
23/05/20,417.49
30/05/20,417.19
06/06/20,416.49
13/06/20,416.5
20/06/20,416.11
27/06/20,415.75
04/07/20,415.2
11/07/20,414.91
18/07/20,414.29
25/07/20,413.63
01/08/20,413.42
08/08/20,412.85
15/08/20,412.75
22/08/20,412.25
29/08/20,411.79
05/09/20,411.55
12/09/20,411.45
19/09/20,411.17
26/09/20,411.06
03/10/20,411.08
10/10/20,411.14
17/10/20,411.16
24/10/20,411.54
31/10/20,411.92
07/11/20,412.37
14/11/20,412.67
21/11/20,412.98
28/11/20,414.32